{
	"inputJoint": [0,0,0,0,0,0,0,-10,140,0,150,0],
	"base": {
		"start": [0,-0.02,0],
		"end": [0,0.3,0],
		"type": "capsule",
		"radius": 0.075
	},
	"lowerArm": {
		"start": [4.041334437e-18,0.5835,0.105],
		"end": [-1.371604415e-17,0.2935,0.105],
		"type": "capsule",
		"radius": 0.06
	},
	"elbow": {
		"start": [1.628780243e-17,0.5735,-1.628780243e-17],
		"end": [1.628780243e-17,0.6935,-3.098356402e-17],
		"type": "capsule",
		"radius": 0.06
	},
	"upperArm": {
		"start": [5.265981236e-18,0.8975,0.09],
		"end": [5.265981236e-18,0.7475,0.09],
		"type": "capsule",
		"radius": 0.04
	},
	"wrist": {
		"offset": [1.628780243e-17,0.9475,-6.208959272e-17],
		"type": "sphere",
		"radius": 0.09
	}
}
