{
	"inputJoint": [90,0,90,45,90,0],
	"base": {
		"start": [0,0,0.08],
		"end": [0,0,0.25],
		"type": "capsule",
		"radius": 0.15
	},
	"lowerArm": {
		"start": [0.125,2.112515729e-17,0.982],
		"end": [0.175,-3.520859548e-17,0.212],
		"type": "capsule",
		"radius": 0.08
	},
	"elbow": {
		"start": [-4.837354857e-17,-0.03,0.992],
		"end": [-2.632990618e-17,0.15,0.992],
		"type": "capsule",
		"radius": 0.08
	},
	"upperArm": {
		"start": [0.06363961031,0.57,0.9283603897],
		"end": [0.06363961031,0.22,0.9283603897],
		"type": "capsule",
		"radius": 0.05
	},
	"wrist": {
		"offset": [-0.01767766953,0.57,0.9389669914],
		"type": "sphere",
		"radius": 0.11
	},
	"tool1": {
		"type": "capsule",
		"start": [-0.1368251622,0.57,0.8551748378],
		"end": [-0.2004647725,0.67,0.7915352275],
		"radius": 0.05
	},
	"tool2": {
		"type": "capsule",
		"start": [-0.2146069081,0.67,0.7773930919],
		"end": [-0.2641043828,0.65,0.7278956172],
		"radius": 0.08
	}
}
