{
	"inputJoint": [0,90,0,0,0,0],
	"base": {
		"start": [0,0,0.02],
		"end": [0,0,0.18],
		"type": "capsule",
		"radius": 0.08
	},
	"lowerArm": {
		"start": [-0.276,-0.105,0.1925],
		"end": [0.014,-0.105,0.1925],
		"type": "capsule",
		"radius": 0.06
	},
	"elbow": {
		"start": [-0.266,1.994680511e-33,0.1925],
		"end": [-0.386,7.347880795e-18,0.1925],
		"type": "capsule",
		"radius": 0.06
	},
	"upperArm": {
		"start": [-0.59,-0.09,0.1925],
		"end": [-0.44,-0.09,0.1925],
		"type": "capsule",
		"radius": 0.04
	},
	"wrist": {
		"offset": [-0.64,2.290089514e-17,0.1925],
		"type": "sphere",
		"radius": 0.09
	}
}
