{
	"inputJoint": [0,0,90,0,0,0],
	"base": {
		"start": [0,0,0.05],
		"end": [0,0,0.2],
		"type": "capsule",
		"radius": 0.1
	},
	"lowerArm": {
		"start": [7.347880795e-18,-0.125,0.59],
		"end": [-1.530808499e-17,-0.125,0.22],
		"type": "capsule",
		"radius": 0.06
	},
	"elbow": {
		"start": [-0.03,2.510525938e-17,0.6],
		"end": [0.15,1.408343819e-17,0.6],
		"type": "capsule",
		"radius": 0.08
	},
	"upperArm": {
		"start": [0.42,-0.09,0.6],
		"end": [0.22,-0.09,0.6],
		"type": "capsule",
		"radius": 0.045
	},
	"wrist": {
		"offset": [0.47,-0.025,0.6],
		"type": "sphere",
		"radius": 0.11
	},
	"tool1": {
		"type": "capsule",
		"start": [0.5965,-1.32568016e-17,0.6],
		"end": [0.6865,-1.26444782e-17,0.7],
		"radius": 0.05
	},
	"tool2": {
		"type": "capsule",
		"start": [0.7065,-1.3869125e-17,0.7],
		"end": [0.7765,-1.93800356e-17,0.68],
		"radius": 0.08
	}
}
