{
	"inputJoint": [90,0,90,45,90,0],
	"base": {
		"start": [0,0,0.08],
		"end": [0,0,0.25],
		"type": "capsule",
		"radius": 0.12
	},
	"lowerArm": {
		"start": [0.128,7.715274835e-18,0.77],
		"end": [0.14,-2.694222958e-17,0.24],
		"type": "capsule",
		"radius": 0.07
	},
	"elbow": {
		"start": [-2.939152318e-17,2.939152318e-17,0.74],
		"end": [-1.102182119e-17,0.15,0.74],
		"type": "capsule",
		"radius": 0.08
	},
	"upperArm": {
		"start": [0.06363961031,0.52,0.6763603897],
		"end": [0.06363961031,0.22,0.6763603897],
		"type": "capsule",
		"radius": 0.045
	},
	"wrist": {
		"offset": [-0.01767766953,0.52,0.6869669914],
		"type": "sphere",
		"radius": 0.11
	}
}
