{
	"inputJoint": [0,-90,-141.936,-89.204,90,0],
	"base": {
		"start": [0,0,0.02],
		"end": [0,0,0.18],
		"type": "capsule",
		"radius": 0.08
	},
	"lowerArm": {
		"start": [-2.632990618e-17,-0.172,0.559],
		"end": [0,-0.172,0.129],
		"type": "capsule",
		"radius": 0.08
	},
	"elbow": {
		"start": [0.2238044946,-0.03,0.2732019101],
		"end": [0,-0.03,0.559],
		"type": "capsule",
		"radius": 0.06
	},
	"upperArm": {
		"start": [0.1862681021,-0.1417,0.3200092037],
		"end": [0.2803810404,-0.1417,0.2032069998],
		"type": "capsule",
		"radius": 0.05
	},
	"wrist": {
		"offset": [0.2754735462,-0.1417,0.1774210249],
		"type": "sphere",
		"radius": 0.09
	},
	"tool1": {
		"type": "capsule",
		"start": [0.2053922238,-0.1417,0.1209532619],
		"end": [0.1275240879,-0.1417,0.05821130306],
		"radius": 0.1
	}
}
