{
	"inputJoint": [0,-45,45,0,0,0],
	"base": {
		"start": [0,0,0.02],
		"end": [0,0,0.18],
		"type": "capsule",
		"radius": 0.09
	},
	"lowerArm": {
		"start": [-0.4292138162,-0.22,0.5767138162],
		"end": [-0.004949747468,-0.22,0.1524497475],
		"type": "capsule",
		"radius": 0.09
	},
	"elbow": {
		"start": [-1.005213816,-0.06,0.5767138162],
		"end": [-0.4292138162,-0.06,0.5767138162],
		"type": "capsule",
		"radius": 0.06
	},
	"upperArm": {
		"start": [-0.9952138162,-0.1875,0.6267138162],
		"end": [-0.9952138162,-0.1875,0.4767138162],
		"type": "capsule",
		"radius": 0.05
	},
	"wrist": {
		"offset": [-0.9952138162,-0.2075,0.4497138162],
		"type": "sphere",
		"radius": 0.09
	}
}
