{
	"inputJoint": [0,-90,-141.936,-89.204,90,0],
	"base": {
		"start": [0,0,0.02],
		"end": [0,0,0.2295],
		"type": "capsule",
		"radius": 0.11
	},
	"lowerArm": {
		"start": [-5.204748896e-17,-0.22,1.021],
		"end": [0,-0.22,0.171],
		"type": "capsule",
		"radius": 0.11
	},
	"elbow": {
		"start": [0.445142824,-0.06,0.4525531105],
		"end": [0,-0.06,1.021],
		"type": "capsule",
		"radius": 0.08
	},
	"upperArm": {
		"start": [0.4076064315,-0.179,0.4993604041],
		"end": [0.5017193698,-0.179,0.3825582001],
		"type": "capsule",
		"radius": 0.05
	},
	"wrist": {
		"offset": [0.509987687,-0.179,0.3404199167],
		"type": "sphere",
		"radius": 0.1
	},
	"tool1": {
		"type": "capsule",
		"start": [0.4276810672,-0.179,0.2741016662],
		"end": [0.3498129313,-0.179,0.2113597073],
		"radius": 0.1
	}
}
