{
	"inputJoint": [0,-45,45,0,0,0],
	"base": {
		"start": [0,0,0.02],
		"end": [0,0,0.2295],
		"type": "capsule",
		"radius": 0.14
	},
	"lowerArm": {
		"start": [-0.601040764,-0.3,0.786740764],
		"end": [0,-0.3,0.1857],
		"type": "capsule",
		"radius": 0.12
	},
	"elbow": {
		"start": [-1.402540764,-0.06,0.786740764],
		"end": [-0.601040764,-0.06,0.786740764],
		"type": "capsule",
		"radius": 0.1
	},
	"upperArm": {
		"start": [-1.392540764,-0.216,0.836740764],
		"end": [-1.392540764,-0.216,0.686740764],
		"type": "capsule",
		"radius": 0.08
	},
	"wrist": {
		"offset": [-1.392540764,-0.236,0.628240764],
		"type": "sphere",
		"radius": 0.12
	}
}
