{
	"inputJoint": [30,-90,60,0,-60,30],
	"base": {
		"start": [0,0,0.03],
		"end": [0,0,0.3362],
		"type": "capsule",
		"radius": 0.13
	},
	"lowerArm": {
		"start": [0.14,-0.2424871131,1.1965],
		"end": [0.14,-0.2424871131,0.2965],
		"type": "capsule",
		"radius": 0.13
	},
	"elbow": {
		"start": [-0.681125,-0.4856237452,1.67725],
		"end": [0.04,-0.0692820323,1.1965],
		"type": "capsule",
		"radius": 0.1
	},
	"upperArm": {
		"start": [-0.5522942379,-0.6141241546,1.719211524],
		"end": [-0.6302365242,-0.6591241546,1.563326952],
		"type": "capsule",
		"radius": 0.06
	},
	"wrist": {
		"offset": [-0.6199219417,-0.6704895356,1.516994592],
		"type": "sphere",
		"radius": 0.12
	}
}
