{
	"inputJoint": [0,0,-143.2394488,180,0,0],
	"base": {
		"start": [0,0,0.03],
		"end": [0,0,0.3362],
		"type": "capsule",
		"radius": 0.13
	},
	"lowerArm": {
		"start": [-0.9,-0.28,0.2965],
		"end": [0,-0.28,0.2965],
		"type": "capsule",
		"radius": 0.13
	},
	"elbow": {
		"start": [-0.1297004137,-0.08,0.8719309666],
		"end": [-0.9,-0.08,0.2965],
		"type": "capsule",
		"radius": 0.1
	},
	"upperArm": {
		"start": [-0.1816316146,-0.2557,0.9080301406],
		"end": [-0.07390662867,-0.2557,0.7638242898],
		"type": "capsule",
		"radius": 0.06
	},
	"wrist": {
		"offset": [-0.05086545112,-0.2857,0.7329802606],
		"type": "sphere",
		"radius": 0.12
	}
}
