{
	"inputJoint":[0,60,90,180,90,0],
	"base":{
		"start":[0,0,0.05],
		"end":[0,0,0.2],
		"radius":0.1
	},
	"lowerArm":{
		"start":[-0.3204293994,-0.125,0.405],
		"end":[0,-0.125,0.22],
		"radius":0.06
	},
	"elbow":{
		"start":[-0.3440896534,1.188025193e-17,0.3840192379],
		"end":[-0.2540896534,1.040360789e-17,0.5399038106],
		"radius":0.08
	},
	"upperArm":{
		"start":[-0.1190896534,0.09,0.7737306696],
		"end":[-0.2340896534,0.09,0.5745448267],
		"radius":0.045
	},
	"wrist":{
		"offset":[-0.1623909236,0.025,0.7987306696],
		"radius":0.11
	},
	"tool":{
		"start":[-0.3485863854,3.252849696e-17,0.9062306696],
		"end":[-0.2273428289,1.966970557e-17,0.8362306696],
		"radius":0.06
	}
}
