{
  "version": "3.0",
  "y_f": 1404.580588418033,
  "x_c": 754.1017803526017,
  "y_c": -1179.5467370465506,
  "h_p": 200.0,
  "G_frame_mm": 754.5805884180329,
  "G_conv_mm": 204.10178035260174,
  "c_min_place_mm": 181.94638635183452,
  "c_min_transit_mm": 132.06165089226857,
  "c_min_all_mm": 132.06165089226857,
  "total_path_mm": 89247.88509807762,
  "sensitivity": {
    "y_f": 1.1093044104959517,
    "x_c": 0.06988019776872534,
    "y_c": -0.10930441049595174
  },
  "params": {
    "r_box_eff": 225.0,
    "eps_col": 50.0,
    "eps_transit": 50.0,
    "eta_place": 0.78,
    "eta_pick": 0.7,
    "eta_entrance": 0.65
  }
}